fips,county_name,HCVPercentPerHouseHold,PercentMultiFamAssistPerHouseold,PercentLIHTCperHousehold,Percent_515Properties,PercentHudSec8Lost5Year,PercentLILost5Year,PercentUSDAsec515Lost5Year,X5YearPctChange,MultiFamHomeConstructPct,SingleFamHomeConstructPct,MedianValue,PctChange
19001,Adair County,0.446304045,1.0041841,0.892608089,3.542538354,0,0,0,26.02695764,0,2.933863749,111100,25.67887315
19003,Adams County,0,NA,0.63559322,0.423728814,0,0,0,27.8,0,0.217502559,81400,NA
19005,Allamakee County,0.769431403,0.208659364,0.860719875,0.965049557,100,0,0,14.81632415,1.129943503,5.087014726,133400,22.74952117
19007,Appanoose County,0.618458611,0.808753568,1.443070092,2.220107834,100,0,51.42857143,22.6486925,0,0.073899668,85000,19.49027029
19009,Audubon County,0,NA,NA,1.578758522,0,0,65.90909091,28.24056302,0,0.208038612,84300,21.31542342
19011,Benton County,0,0.650054171,NA,1.236908631,0,0,4.379562044,24.89485374,3.37995338,1.130253484,158700,21.2641702
19013,Black Hawk County,2.216567906,1.635956898,1.647910654,0.092214689,33.61169102,52.33160622,0,13.73241364,98.41017488,12.1399177,150200,21.08640303
19015,Boone County,0.603976176,0.285210972,1.140843889,0.662696083,0,17.64705882,0,24.48323963,13.94422311,3.817541112,141000,23.56373172
19017,Bremer County,0.400610454,0.963372758,0.858450973,0.953834414,0,13.33333333,0,12.28125742,12.78118609,3.736898071,169000,19.41555125
19019,Buchanan County,0.202565834,NA,0.258834121,2.23947783,0,0,0,21.44447712,14.57541191,0.715672004,143200,22.86320941
19021,Buena Vista County,0.712443189,1.498587397,3.083159317,0.417639111,13.1147541,0,0,23.38926667,0.668896321,1.168468783,120300,23.39849134
19023,Butler County,0,NA,0.305997552,2.723378213,0,0,0,18.35744821,0.400801603,1.718695195,120100,20.86322451
19025,Calhoun County,0.880318591,1.047998323,0.335359463,1.06895829,100,0,0,24.65032478,0,0.856246985,85600,23.73129694
19027,Carroll County,1.538461538,0.305584826,1.296101159,1.970495258,20.68965517,0,0,18.65429918,0.71787509,0.578818848,138700,20.53847249
19029,Cass County,3.079087215,0.453266646,0.812753986,0.953422945,0,0,0,31.18941788,0.5,0.594227504,107200,19.69642685
19031,Cedar County,0.378510379,0.183150183,0.293040293,1.501831502,0,0,0,21.78032125,25.96153846,4.192115491,163100,19.98866534
19033,Cerro Gordo County,2.340397292,1.641375039,1.791797549,0.318541786,47.70889488,0,0,20.23706994,23.81756757,4.334284973,130400,22.69831372
19035,Cherokee County,0.521770421,1.115509176,0.791651673,1.025548759,0,0,0,20.8539917,0.213903743,0.22564874,117400,25.41956361
19037,Chickasaw County,0.397542465,NA,NA,0.686664257,0,0,0,22.91687259,0.252844501,0.128132118,122000,20.25582409
19039,Clarke County,0.632614808,1.593252109,2.249297095,3.233364574,100,0,0,26.86667163,0,1.006792235,115400,24.55304892
19041,Clay County,2.355407572,1.751140708,1.368849427,1.430509311,8.450704225,14.41441441,0,19.30196112,21.58119658,1.704427354,129700,19.46540817
19043,Clayton County,0.8563599,0.11418132,0.17127198,1.050468143,100,0,0,15.25717112,0,1.186758276,131600,20.72195913
19045,Clinton County,2.082074639,0.831900358,1.673095692,0.106892225,11.17318436,10,0,20.91683261,24.93125573,2.628450667,120200,9.108792954
19047,Crawford County,1.006564551,1.867250182,0.612691466,0.131291028,42.1875,0,0,20.270066,1.734104046,0.660338423,101100,21.47669221
19049,Dallas County,0.82674772,NA,3.289969605,0.675987842,0,32.29859571,0,16.50306748,453.5714286,83.39140534,258300,26.12340521
19051,Davis County,0,NA,NA,1.676445935,0,0,0,13.72203744,0,0.285965684,117900,24.16410453
19053,Decatur County,0.355871886,0.273747605,0.191623323,1.970982754,100,100,0,16.38607232,0,0.196885627,82800,15.79835762
19055,Delaware County,0.62962963,0.098765432,0.641975309,1.111111111,100,0,0,21.24299788,10.24590164,0.755105543,141300,23.08831384
19057,Des Moines County,1.11809179,2.518368651,1.996592482,0.212969865,30.86680761,35.46666667,0,10.23398207,5.814977974,1.236282817,111600,18.13687751
19059,Dickinson County,1.146738733,NA,1.154042802,0.511284786,0,0,0,20.65822972,53.66492147,11.47510296,199800,24.33373723
19061,Dubuque County,2.054890922,0.99929627,1.684259911,0.056298381,34.74178404,34.67966574,0,19.78077322,27.52043597,9.752227511,175300,27.15481047
19063,Emmet County,1.519553073,NA,0.357541899,0.893854749,0,0,0,25.01728815,0,0.555799327,90000,20.12852051
19065,Fayette County,1.656270166,0.591525059,0.645300065,0.849645085,0,0,0,23.0313205,0.152091255,0.938799762,106200,21.73952216
19067,Floyd County,2.242275089,0.164068909,0.328137818,0.984413454,100,0,0,22.68160742,1.639344262,1.142595978,107700,21.60130134
19069,Franklin County,0.515463918,0.257731959,0.515463918,0.515463918,100,0,0,11.23156142,0.555555556,0.316388947,93200,21.19635657
19071,Fremont County,0,NA,NA,0.739549839,0,0,0,35.87119124,0,1.130434783,113200,19.57182948
19073,Greene County,0.626595498,1.113947552,1.39243444,0.255279647,100,0,0,17.99936488,1.263157895,0.543625985,93500,24.31720129
19075,Grundy County,0,NA,0.292772187,1.024702653,0,0,0,20.8576745,0.238663484,0.67715387,138100,20.59509016
19077,Guthrie County,0.831456782,NA,0.173220163,0.363762342,0,100,0,32.66411569,0,1.081715105,129000,23.27200427
19079,Hamilton County,0.980531476,0.071053006,1.79053574,0.625266449,100,0,0,19.56302351,0.256591754,0.058550716,105200,NA
19081,Hancock County,0.645413651,NA,0.469391747,0.469391747,0,0,0,25.27116723,8.101265823,0.491803279,100900,23.13383497
19083,Hardin County,0.16185259,NA,0.896414343,1.431772908,0,55.55555556,0,14.62349767,0,0.240221743,95100,NA
19085,Harrison County,1.830457614,1.545386347,0.690172543,0.420105026,30.09708738,43.47826087,0,28.16714063,0.035271813,0.139764543,124000,22.76312956
19087,Henry County,1.131221719,0.869254584,1.798047154,1.762324363,34.24657534,15.89403974,0,19.75672515,9.710743802,2.857823291,118500,21.46628605
19089,Howard County,0.90403338,NA,1.089476124,0.533147891,0,0,100,29.39742027,1.62601626,0.256359692,105800,24.76570258
19091,Humboldt County,1.093852549,NA,1.1157296,2.953401881,0,37.25490196,0,26.23803681,0.392670157,0.464975235,109200,25.95884749
19093,Ida County,0.53699284,0.715990453,1.909307876,1.193317422,100,0,0,15.2601605,0.140056022,0.255314096,102400,21.10497731
19095,Iowa County,0,NA,0.76283885,2.724424465,0,0,0,22.67377712,5.02901354,0.817260543,156000,22.31256029
19097,Jackson County,1.525808895,1.450059517,0.69256574,0.995563251,0,0,0,23.17259617,0.766283525,3.070082575,127600,22.21271577
19099,Jasper County,0.638482519,1.221175304,3.235804612,0.998016365,28.93401015,11.11111111,14.9068323,28.85992289,9.595959596,7.69039323,137200,22.25925221
19101,Jefferson County,1.67772142,1.469631942,1.807777344,1.35258161,36.28318584,0,0,21.32417582,4.136995592,0.214297489,120600,20.34989272
19103,Johnson County,1.985860793,0.914800655,1.562594818,0.084956611,1.824212272,18.83495146,0,16.08477109,821.2121212,64.49324324,238600,20.7073604
19105,Jones County,1.149814001,0.450907451,NA,1.769811746,0,0,0,25.50397633,2.195945946,0.820584145,140000,21.59134953
19107,Keokuk County,0.558659218,0.171895144,NA,1.912333477,100,0,35.95505618,22.06018354,0,0.082508251,95800,17.39655417
19109,Kossuth County,0.637472284,0.692904656,0.332594235,0.332594235,100,0,0,10.86301613,0,1.531309817,109400,22.88054151
19111,Lee County,1.166603607,0.378357927,1.803506117,1.185521503,100,39.16083916,0,15.29769468,0.204316179,0.064948042,98400,19.04581703
19113,Linn County,0.862392571,1.145905364,2.260199546,0.189667095,44.22413793,19.75524476,3.125,20.9941843,837.4233129,70,161600,26.81659584
19115,Louisa County,0.827674024,NA,1.018675722,1.018675722,0,0,0,23.38491771,0,1.055946647,107900,21.34518784
19117,Lucas County,0.295712173,2.020699852,NA,0.295712173,29.26829268,0,0,21.24224531,0,0.233518951,94200,30.99013308
19119,Lyon County,0,0.705833506,NA,0.020759809,0,0,0,20.8513024,0.792079208,0.966999233,160700,24.63729653
19121,Madison County,0.477361493,NA,1.735859974,1.041515984,0,60,0,26.20567226,8.248914616,4.930662558,186700,25.47537989
19123,Mahaska County,1.818181818,1.219008264,2.314049587,2.57231405,33.89830508,13.39285714,0,21.57967784,5.778191985,0.673740947,113100,19.19693571
19125,Marion County,1.783557166,0.376607688,1.669864279,0.298443829,100,0,0,28.06941314,40.625,11.38545953,160100,26.76310209
19127,Marshall County,1.301881159,0.961481039,1.582561959,0.441922962,16.14906832,9.056603774,0,24.6050742,2.435723951,0.948869223,104400,20.64297412
19129,Mills County,2.062193126,0.736497545,0.687397709,0.93289689,0,0,0,30.69286769,0.625488663,0.163649381,178500,23.97845782
19131,Mitchell County,0.309469775,NA,0.330101093,0.86651537,0,0,0,30.09226734,0.982800983,0.797373358,120400,23.37237149
19133,Monona County,0.937571461,0.548822319,0.548822319,0.228675966,100,0,0,22.009908,0.394477318,0.321936057,90000,24.54541248
19135,Monroe County,1.265126513,1.320132013,NA,NA,100,0,0,24.76229011,0,0.094217407,113800,23.84499185
19137,Montgomery County,1.757539445,1.677651288,0.958657879,0.878769722,0,0,81.81818182,25.28095788,0.262123198,0.492383444,85300,20.55820005
19139,Muscatine County,1.731460307,1.611673745,1.796798432,0.413808124,60.47297297,0,0,20.3706204,19.68911917,2.453491507,135400,20.19102267
19141,O'Brien County,0.613120785,0.781729001,1.425505825,0.490496628,94.11764706,0,0,25.78178342,2.331002331,0.873625546,116300,22.77716021
19143,Osceola County,0.660180681,0.555941626,0.555941626,0.034746352,100,0,0,38.27026409,0,0.107267364,96600,18.90378943
19145,Page County,0.959473006,1.131318917,1.68981813,1.245882858,100,0,0,26.16213788,0,0.323717033,96400,20.78565052
19147,Palo Alto County,1.638618246,0.664304694,1.483613818,NA,46.66666667,0,0,21.45835816,0,0.277375784,107300,21.73801377
19149,Plymouth County,0.55463117,1.081530782,0.68404511,0.887409872,36.75213675,0,0,20.93039951,12.90082028,2.017018594,172600,25.81615417
19151,Pocahontas County,0,NA,NA,0.763775232,0,0,0,17.21056195,0,0.013414416,81900,23.19293397
19153,Polk County,1.216553115,0.893027062,3.323278651,0.0685114,36.01491742,40.50107373,0,25.32564497,1006.570513,244.9710983,190400,28.26181476
19155,Pottawattamie County,2.250828064,1.570812004,2.898223427,0.092843521,69.16932907,18.18181818,0,29.42235859,8.935824533,6.109712033,141300,28.68978116
19157,Poweshiek County,1.818998428,1.021783068,1.88636874,2.49270155,100,0,0,19.82740622,0,0.248881358,148200,20.87233055
19159,Ringgold County,1.384730539,0.299401198,NA,NA,100,0,0,26.07366325,0,0.098667982,113000,14.83241049
19161,Sac County,0.898788589,0.312622118,0.488472059,0.312622118,0,36,0,20.41426928,0.204582651,0.183632246,101200,25.40370428
19163,Scott County,1.278111378,1.369405048,2.605084157,0.055290532,65.91549296,37.16683119,0,18.63322773,62.7430911,16.17352614,167900,21.70966462
19165,Shelby County,1.567976388,1.180593986,0.498063088,0.664084117,100,100,0,22.18506603,3.996003996,0.823810789,120700,19.56300054
19167,Sioux County,0.107692308,0.984615385,1.061538462,0.092307692,59.375,0,0,22.83696104,45.04950495,6.063598657,182500,25.68540998
19169,Story County,0.628611494,0.79785305,1.329755083,0.191001185,19.09090909,35.27272727,0,19.33585235,217.1428571,13.57676583,195200,20.76060143
19171,Tama County,0,NA,0.633663366,1.584158416,0,50,0,19.46576604,0,0.413165266,114400,20.96338847
19173,Taylor County,0.901213172,NA,0.554592721,1.109185442,0,0,0,25.33491875,0,0.401042711,84100,28.43613504
19175,Union County,1.607883817,1.158367911,2.852697095,2.835408022,100,52.12121212,0,23.36674965,0.573888092,0.287356322,109600,16.32434602
19177,Van Buren County,0,NA,NA,3.828571429,0,0,0,21.30150173,0,0.089672695,91200,29.05664484
19179,Wapello County,0.953349434,0.572009661,0.711834244,0.343205796,0,0,0,18.59152521,7.777777778,1.937309534,87400,19.05819155
19181,Warren County,0.704799348,1.011650765,2.181521791,0.843841396,33.17535545,34.28571429,13.63636364,22.55795919,0.198442414,0.724119347,196100,29.06438897
19183,Washington County,0.71033114,0.501410216,0.856575786,1.368432048,0,0,0,22.45092889,0.877192982,2.532751092,158600,22.13618066
19185,Wayne County,0,NA,NA,2.909090909,0,0,0,20.88046689,0,0.002678739,79900,21.76629675
19187,Webster County,3.684241601,1.476058334,1.617759934,0.3188286,0,36.49635036,0,22.12248229,0.629009938,0.413152006,107900,21.46844682
19189,Winnebago County,0.590900138,0.965136892,1.260586961,1.181800276,100,0,0,20.07872214,1.515151515,0.38647343,96200,19.41441656
19191,Winneshiek County,0.605652759,0.381336922,0.24674742,0.257963212,100,0,13.04347826,19.74069427,3.245686113,1.019900498,183300,21.54027264
19193,Woodbury County,2.674410435,2.285660757,2.229455985,0.154563125,26.53688525,14.91596639,0,28.68273238,337.1794872,16.03125,131300,19.3094192
19195,Worth County,0,NA,0.804597701,1.264367816,0,0,0,25.8322237,0.54200542,0.173176833,107600,17.24956554
19197,Wright County,1.054313099,0.191693291,0.766773163,1.086261981,0,0,5.882352941,22.02459376,0,1.989201478,86100,25.77955661
